{
    "Color": {
        "r": 1.0,
        "g": 0.9999899864196777,
        "b": 0.9999899864196777
    },
    "Intensity": 0.0
}